City_ID,City,Cloudiness,Country,Current Description,Humidity,Lat,Lng,Max Temp,Rain (inches),Snow (inches),Wind Speed
0,yasnyy,100,RU,overcast clouds,93,51.0333,59.8742,265.74,0.0,0.0,4.76
1,busselton,0,AU,clear sky,72,-33.65,115.3333,292.62,0.0,0.0,1.88
2,juneau,100,US,snow,94,58.3019,-134.4197,277.51,0.0,0.51,5.14
3,upernavik,100,GL,overcast clouds,97,72.7868,-56.1549,255.53,0.0,0.0,2.43
4,pasni,30,PK,scattered clouds,76,25.2631,63.471,295.4,0.0,0.0,4.61
5,vieques,100,PR,light rain,88,18.425,-65.8329,297.96,0.75,0.0,5.14
6,paka,91,MY,overcast clouds,83,4.6374,103.4368,300.11,0.0,0.0,4.12
7,vaini,100,TO,light rain,100,-21.2,-175.2,297.24,0.0,0.0,6.17
8,araouane,0,ML,clear sky,9,18.9048,-3.5265,295.89,0.0,0.0,3.21
9,myaundzha,34,RU,scattered clouds,67,63.0494,147.1858,244.63,0.0,0.0,1.46
10,vieste,100,IT,overcast clouds,77,41.8825,16.175,284.43,0.0,0.0,0.77
11,atuona,13,PF,few clouds,74,-9.8,-139.0333,299.09,0.0,0.0,9.82
12,avarua,40,CK,scattered clouds,83,-21.2078,-159.775,299.18,0.0,0.0,3.09
13,aswan,0,EG,clear sky,39,24.0934,32.907,287.26,0.0,0.0,5.1
14,punta arenas,75,CL,broken clouds,59,-53.15,-70.9167,290.21,0.0,0.0,15.43
15,jamestown,75,US,broken clouds,48,42.097,-79.2353,265.54,0.0,0.0,1.79
16,mar del plata,100,AR,moderate rain,89,-38.0023,-57.5575,292.64,2.73,0.0,2.68
17,qaanaaq,91,GL,overcast clouds,76,77.484,-69.3632,256.15,0.0,0.0,1.79
18,iqaluit,75,CA,broken clouds,62,63.7506,-68.5145,242.0,0.0,0.0,0.0
19,sao gabriel da cachoeira,20,BR,few clouds,78,-0.1303,-67.0892,301.04,0.0,0.0,1.03
20,xichang,90,CN,overcast clouds,78,27.8964,102.2634,280.2,0.0,0.0,0.38
21,tatarsk,100,RU,overcast clouds,85,55.219,75.9828,260.37,0.0,0.0,3.59
22,port blair,20,IN,mist,78,11.6667,92.75,300.17,0.0,0.0,2.06
23,miri,40,MY,scattered clouds,94,4.4148,114.0089,298.23,0.0,0.0,2.06
24,cape town,0,ZA,clear sky,61,-33.9258,18.4232,300.43,0.0,0.0,1.79
25,abu samrah,3,SY,clear sky,79,35.3029,37.1841,280.62,0.0,0.0,3.73
26,rikitea,53,PF,broken clouds,73,-23.1203,-134.9692,299.05,0.0,0.0,5.73
27,ushuaia,40,AR,scattered clouds,39,-54.8,-68.3,290.94,0.0,0.0,5.66
28,kozan,2,TR,clear sky,59,37.4552,35.8157,280.65,0.0,0.0,3.33
29,nelson bay,98,AU,overcast clouds,67,-32.7167,152.15,294.82,0.0,0.0,1.34
30,east london,75,ZA,light intensity drizzle,94,-33.0153,27.9116,292.67,0.0,0.0,4.12
31,norman wells,95,CA,overcast clouds,92,65.282,-126.8329,249.82,0.0,0.0,2.75
32,albany,23,US,few clouds,66,42.6001,-73.9662,266.73,0.0,0.0,2.24
33,faya,6,SA,clear sky,77,18.3851,42.4509,287.21,0.0,0.0,1.62
34,hobyo,12,SO,few clouds,70,5.3505,48.5268,297.93,0.0,0.0,5.04
35,sao filipe,0,CV,clear sky,68,14.8961,-24.4956,297.04,0.0,0.0,4.37
36,zharkent,12,KZ,few clouds,41,44.1628,80.0,270.75,0.0,0.0,1.74
37,ponta do sol,2,PT,clear sky,39,32.6667,-17.1,296.0,0.0,0.0,5.62
38,saint-philippe,100,RE,light rain,86,-21.3585,55.7679,301.92,0.68,0.0,9.91
39,calvinia,44,ZA,scattered clouds,20,-31.4707,19.776,302.74,0.0,0.0,6.05
40,faanui,11,PF,few clouds,72,-16.4833,-151.75,300.32,0.0,0.0,8.14
41,solnechnyy,100,RU,overcast clouds,98,50.7214,136.6319,256.66,0.0,0.0,0.51
42,eureka,65,US,broken clouds,53,40.8021,-124.1637,279.81,0.0,0.0,1.34
43,laguna,0,US,clear sky,75,38.421,-121.4238,287.43,0.0,0.0,0.45
44,kodiak,0,US,clear sky,86,57.79,-152.4072,272.88,0.0,0.0,2.06
45,auki,57,SB,broken clouds,87,-8.7676,160.7034,299.36,0.0,0.0,2.98
46,semirom,2,IR,clear sky,83,31.4167,51.5667,266.54,0.0,0.0,1.3
47,touros,18,BR,few clouds,54,-5.1989,-35.4608,304.65,0.0,0.0,6.03
48,mantua,5,IT,clear sky,87,45.1667,10.7833,283.42,0.0,0.0,0.89
49,mataura,20,NZ,few clouds,98,-46.1927,168.8643,283.42,0.0,0.0,0.82
50,gra liyia,4,GR,clear sky,70,35.0167,25.6833,286.25,0.0,0.0,2.19
51,thompson,75,CA,broken clouds,68,55.7435,-97.8558,241.24,0.0,0.0,0.0
52,gat,81,IL,broken clouds,100,31.61,34.7642,285.53,0.0,0.0,3.26
53,new norfolk,100,AU,overcast clouds,62,-42.7826,147.0587,287.96,0.0,0.0,0.54
54,new glasgow,100,CA,light snow,94,45.5834,-62.6486,271.36,0.0,0.26,7.03
55,santa cruz,100,BO,heavy intensity rain,94,-17.8,-63.1667,300.85,0.27,0.0,6.17
56,kamenka,85,RU,overcast clouds,98,51.3223,42.7678,257.51,0.0,0.0,3.46
57,codrington,97,AU,overcast clouds,85,-38.2667,141.9667,286.98,0.0,0.0,3.45
58,barrow,100,US,light snow,64,71.2906,-156.7887,249.16,0.0,0.25,5.66
59,port elizabeth,75,ZA,broken clouds,83,-33.918,25.5701,294.32,0.0,0.0,5.66
60,agdam,99,AZ,light snow,86,39.991,46.9274,274.96,0.0,0.41,1.72
61,paraopeba,100,BR,overcast clouds,69,-19.2757,-44.4033,299.79,0.0,0.0,1.62
62,hobart,100,AU,overcast clouds,76,-42.8794,147.3294,288.16,0.0,0.0,2.06
63,guerrero negro,0,MX,clear sky,26,27.9769,-114.0611,291.0,0.0,0.0,1.3
64,lovozero,100,RU,overcast clouds,92,68.005,35.0117,262.99,0.0,0.0,4.93
65,mezen,99,RU,overcast clouds,90,65.8522,44.24,260.2,0.0,0.0,5.57
66,saurimo,91,AO,moderate rain,95,-9.6608,20.3916,291.36,1.07,0.0,1.86
67,gannan,95,CN,overcast clouds,85,47.9147,123.5031,254.98,0.0,0.0,3.03
68,tuatapere,19,NZ,few clouds,88,-46.1333,167.6833,283.61,0.0,0.0,1.02
69,brejo,100,BR,overcast clouds,85,-3.6844,-42.7503,300.54,0.0,0.0,0.95
70,kismayo,98,SO,overcast clouds,82,-0.3582,42.5454,299.01,0.0,0.0,5.6
71,hermanus,65,ZA,broken clouds,73,-34.4187,19.2345,295.82,0.0,0.0,8.04
72,ancud,4,CL,clear sky,58,-41.8697,-73.8203,295.5,0.0,0.0,3.48
73,repalle,71,IN,broken clouds,91,16.0167,80.85,294.3,0.0,0.0,1.39
74,kathu,58,TH,broken clouds,78,7.9178,98.3332,301.05,0.0,0.0,8.78
75,chokurdakh,100,RU,overcast clouds,100,70.6333,147.9167,237.56,0.0,0.0,0.84
76,pisco,38,PE,mist,78,-13.7,-76.2167,294.83,0.0,0.0,4.12
77,bluff,47,NZ,scattered clouds,80,-46.6,168.3333,283.6,0.0,0.0,5.55
78,manokwari,88,ID,overcast clouds,76,-0.8667,134.0833,298.86,0.0,0.0,1.31
79,brigantine,20,US,few clouds,55,39.4101,-74.3646,273.34,0.0,0.0,10.8
80,mezhdurechensk,92,RU,overcast clouds,97,53.6942,88.0603,260.3,0.0,0.0,1.15
81,leningradskiy,9,RU,clear sky,96,69.3833,178.4167,243.67,0.0,0.0,2.24
82,kikwit,37,CD,light rain,80,-5.041,18.8162,297.79,0.22,0.0,0.97
83,cayenne,75,GF,broken clouds,81,4.9333,-52.3333,302.17,0.0,0.0,2.68
84,victoria,99,HK,overcast clouds,83,22.2855,114.1577,289.4,0.0,0.0,2.68
85,kamaishi,50,JP,scattered clouds,67,39.2667,141.8833,270.2,0.0,0.0,4.37
86,ketchikan,100,US,light rain,93,55.3422,-131.6461,279.14,0.76,0.0,5.14
87,adrar,29,MR,scattered clouds,6,20.5022,-10.0711,298.4,0.0,0.0,3.32
88,hilo,100,US,overcast clouds,87,19.7297,-155.09,294.88,0.0,0.0,2.06
89,cochrane,75,CA,broken clouds,36,51.1834,-114.4687,278.5,0.0,0.0,7.72
90,cedar city,0,US,clear sky,54,37.6775,-113.0619,273.93,0.0,0.0,2.57
91,saint-denis,0,FR,clear sky,71,48.9167,2.3333,282.1,0.0,0.0,2.24
92,lakhisarai,0,IN,clear sky,62,25.1768,86.0932,285.12,0.0,0.0,2.01
93,nome,0,US,clear sky,46,64.5011,-165.4064,256.19,0.0,0.0,4.12
94,mineiros,55,BR,broken clouds,68,-17.5694,-52.5511,300.69,0.0,0.0,3.46
95,cururupu,99,BR,moderate rain,70,-1.8283,-44.8683,301.59,2.05,0.0,2.24
96,georgetown,20,MY,few clouds,85,5.4112,100.3354,300.87,0.0,0.0,0.0
97,alice springs,0,AU,clear sky,94,-23.7,133.8833,287.9,0.0,0.0,0.0
98,carnarvon,26,AU,scattered clouds,83,-24.8667,113.6333,300.19,0.0,0.0,2.57
99,birjand,100,IR,mist,81,32.8663,59.2211,278.41,0.0,0.0,4.12
100,lompoc,0,US,clear sky,58,34.6391,-120.4579,292.11,0.0,0.0,3.09
101,alofi,100,NU,overcast clouds,94,-19.0595,-169.9187,297.09,0.0,0.0,1.54
102,songea,84,TZ,broken clouds,90,-10.6833,35.65,290.76,0.0,0.0,1.67
103,bambous virieux,75,MU,light intensity shower rain,89,-20.3428,57.7575,299.94,0.88,0.0,6.69
104,kerema,100,PG,overcast clouds,88,-7.9631,145.7785,297.86,0.0,0.0,4.51
105,kapaa,40,US,scattered clouds,100,22.0752,-159.319,291.33,0.0,0.0,2.57
106,moree,12,AU,few clouds,72,-29.4667,149.85,289.16,0.0,0.0,3.6
107,lagos,1,NG,clear sky,65,6.5833,3.75,304.33,0.0,0.0,3.0
108,vrangel,8,RU,clear sky,62,42.7297,133.0839,261.12,0.0,0.0,7.95
109,bundaberg,68,AU,broken clouds,74,-24.85,152.35,293.31,0.0,0.0,2.24
110,burdur,0,TR,clear sky,80,37.7203,30.2908,273.44,0.0,0.0,3.6
111,luganville,100,VU,overcast clouds,86,-15.5333,167.1667,299.06,0.0,0.0,2.29
112,atbasar,100,KZ,overcast clouds,83,51.8,68.3333,260.95,0.0,0.0,4.04
113,bredasdorp,52,ZA,broken clouds,68,-34.5322,20.0403,295.53,0.0,0.0,10.8
114,the valley,40,AI,scattered clouds,73,18.217,-63.0578,301.07,0.0,0.0,6.69
115,fairbanks,100,US,overcast clouds,78,64.8378,-147.7164,256.13,0.0,0.0,0.0
116,hambantota,4,LK,clear sky,80,6.1241,81.1185,297.24,0.0,0.0,7.17
117,qaqortoq,0,GL,clear sky,74,60.7167,-46.0333,259.43,0.0,0.0,2.58
118,mayya,100,RU,overcast clouds,100,61.7333,130.2811,239.99,0.0,0.0,0.43
119,itaberaba,90,BR,overcast clouds,54,-12.5275,-40.3069,302.32,0.0,0.0,3.4
120,airai,82,TL,broken clouds,92,-8.9266,125.4092,289.02,0.0,0.0,0.92
121,belyy yar,99,RU,smoke,84,53.6039,91.3903,248.09,0.0,0.0,1.0
122,klaksvik,97,FO,overcast clouds,84,62.2266,-6.589,275.66,0.0,0.0,9.9
123,ylojarvi,75,FI,broken clouds,92,61.5563,23.5961,272.31,0.0,0.0,3.09
124,talnakh,97,RU,overcast clouds,100,69.4865,88.3972,246.98,0.0,0.0,1.52
125,butaritari,14,KI,few clouds,71,3.0707,172.7902,301.09,0.0,0.0,8.05
126,lorengau,47,PG,scattered clouds,80,-2.0226,147.2712,299.95,0.0,0.0,3.45
127,hovd,11,MN,few clouds,80,48.0056,91.6419,248.71,0.0,0.0,1.24
128,puerto ayora,58,EC,broken clouds,88,-0.7393,-90.3518,303.13,0.0,0.0,2.68
129,tazovskiy,97,RU,overcast clouds,100,67.4667,78.7,251.74,0.0,0.0,3.27
130,denia,100,ES,overcast clouds,85,38.8408,0.1057,288.45,0.0,0.0,0.45
131,clyde river,75,CA,broken clouds,69,70.4692,-68.5914,244.28,0.0,0.0,5.14
132,wenchi,14,GH,few clouds,21,7.7392,-2.1046,304.97,0.0,0.0,1.09
133,los llanos de aridane,20,ES,few clouds,79,28.6585,-17.9182,292.66,0.0,0.0,1.79
134,tiksi,97,RU,overcast clouds,98,71.6872,128.8694,242.93,0.0,0.0,3.34
135,bodden town,20,KY,few clouds,71,19.2833,-81.25,302.15,0.0,0.0,3.13
136,tasiilaq,100,GL,overcast clouds,59,65.6145,-37.6368,270.24,0.0,0.0,4.36
137,shumyachi,100,RU,snow,96,53.8583,32.4242,268.66,0.0,1.15,4.97
138,mwandiga,99,TZ,light rain,81,-4.83,29.6581,294.82,0.75,0.0,1.27
139,port alfred,99,ZA,light rain,83,-33.5906,26.891,294.46,0.13,0.0,11.3
140,hofn,100,IS,light snow,58,64.2539,-15.2082,271.47,0.0,0.21,4.5
141,buta,100,CD,overcast clouds,34,2.7858,24.73,300.45,0.0,0.0,1.57
142,yelizavetino,100,RU,light snow,94,59.4916,29.7938,270.22,0.0,0.21,4.5
143,kruisfontein,79,ZA,broken clouds,83,-34.0033,24.7314,293.09,0.0,0.0,9.04
144,sychevka,100,RU,light snow,95,55.8252,34.2736,265.7,0.0,0.49,5.47
145,deputatskiy,100,RU,overcast clouds,97,69.3,139.9,238.51,0.0,0.0,1.58
146,margate,91,GB,overcast clouds,74,51.3813,1.3862,282.98,0.0,0.0,4.02
147,lebu,0,CL,clear sky,67,-37.6167,-73.65,291.12,0.0,0.0,8.88
148,ahipara,98,NZ,overcast clouds,98,-35.1667,173.1667,294.83,0.0,0.0,2.86
149,itupiranga,97,BR,overcast clouds,76,-5.1347,-49.3267,303.33,0.0,0.0,1.2
150,nikolskoye,100,RU,snow,93,59.7035,30.7861,268.55,0.0,1.0,4.89
151,yangcun,29,CN,scattered clouds,39,39.3639,117.0603,273.14,0.0,0.0,2.89
152,cidreira,93,BR,moderate rain,60,-30.1811,-50.2056,303.1,1.33,0.0,4.38
153,keetmanshoop,13,NA,few clouds,23,-26.5833,18.1333,305.66,0.0,0.0,3.09
154,salinopolis,100,BR,overcast clouds,81,-0.6136,-47.3561,299.57,0.0,0.0,3.7
155,hasaki,56,JP,broken clouds,34,35.7333,140.8333,270.37,0.0,0.0,3.9
156,trindade,66,BR,broken clouds,53,-16.6494,-49.4889,304.01,0.0,0.0,1.12
157,arlit,0,NE,clear sky,10,18.7369,7.3853,294.59,0.0,0.0,4.08
158,xingyi,60,CN,broken clouds,99,24.1877,102.817,279.91,0.0,0.0,2.17
159,baykit,100,RU,overcast clouds,97,61.67,96.37,262.54,0.0,0.0,2.12
160,vilcun,0,CL,clear sky,24,-38.65,-72.2333,296.56,0.0,0.0,3.77
161,yellowknife,75,CA,broken clouds,86,62.456,-114.3525,248.38,0.0,0.0,3.09
162,ucluelet,100,CA,overcast clouds,93,48.9329,-125.5528,278.76,0.0,0.0,0.88
163,yulara,0,AU,clear sky,52,-25.2406,130.9889,293.06,0.0,0.0,2.57
164,akyab,8,MM,clear sky,87,20.15,92.9,293.71,0.0,0.0,2.5
165,castro,91,BR,light rain,87,-24.7911,-50.0119,295.7,1.0,0.0,3.0
166,mandalgovi,0,MN,clear sky,75,45.7625,106.2708,256.99,0.0,0.0,3.01
167,selikhino,100,RU,light snow,97,50.3672,137.4996,254.66,0.0,0.12,3.28
168,freeport,20,US,few clouds,62,40.6576,-73.5832,272.2,0.0,0.0,2.24
169,chuy,84,UY,broken clouds,59,-33.6971,-53.4616,299.66,0.0,0.0,4.47
170,zhigansk,100,RU,overcast clouds,100,66.7697,123.3711,238.97,0.0,0.0,2.85
171,kutum,10,SD,clear sky,16,14.2,24.6667,288.69,0.0,0.0,5.33
172,davila,32,PH,scattered clouds,80,18.4726,120.5763,297.13,0.0,0.0,11.0
173,lavrentiya,29,RU,scattered clouds,93,65.5833,-171.0,245.16,0.0,0.0,4.21
174,conceicao do araguaia,65,BR,broken clouds,50,-8.2578,-49.2647,306.2,0.0,0.0,1.44
175,kudahuvadhoo,70,MV,broken clouds,71,2.6708,72.8944,300.78,0.0,0.0,4.29
176,ribas do rio pardo,86,BR,moderate rain,50,-20.4431,-53.7592,305.38,2.37,0.0,6.09
177,sorland,92,NO,overcast clouds,78,67.667,12.6934,276.65,0.0,0.0,12.24
178,sambava,100,MG,light rain,90,-14.2667,50.1667,297.81,0.58,0.0,2.39
179,najran,20,SA,few clouds,47,17.4924,44.1277,295.51,0.0,0.0,3.3
180,belaya gora,93,RU,overcast clouds,100,68.5333,146.4167,233.21,0.0,0.0,0.62
181,gumdag,99,TM,overcast clouds,76,39.2061,54.5906,279.54,0.0,0.0,9.05
182,kars,20,TR,few clouds,62,40.602,43.095,262.4,0.0,0.0,3.09
183,saskylakh,87,RU,overcast clouds,100,71.9167,114.0833,239.13,0.0,0.0,1.73
184,isangel,100,VU,overcast clouds,91,-19.55,169.2667,299.39,0.0,0.0,5.5
185,grand forks,100,US,snow,85,47.9417,-97.4337,260.25,0.0,0.86,5.14
186,poum,89,NC,overcast clouds,72,-20.2333,164.0167,300.09,0.0,0.0,2.38
187,odweyne,87,SO,overcast clouds,28,9.4092,45.064,292.93,0.0,0.0,4.66
188,avera,20,US,few clouds,43,33.194,-82.5271,283.53,0.0,0.0,3.51
189,huarmey,17,PE,few clouds,69,-10.0681,-78.1522,298.05,0.0,0.0,5.23
190,riberalta,75,BO,broken clouds,62,-10.9833,-66.1,304.26,0.0,0.0,4.12
191,parrita,22,CR,few clouds,52,9.5201,-84.3225,306.47,0.0,0.0,3.93
192,comodoro rivadavia,0,AR,clear sky,43,-45.8667,-67.5,296.07,0.0,0.0,7.2
193,pahrump,0,US,clear sky,23,36.2083,-115.9839,283.88,0.0,0.0,1.44
194,cherskiy,16,RU,few clouds,96,68.75,161.3,237.25,0.0,0.0,0.67
195,teya,100,RU,overcast clouds,89,60.3778,92.6267,265.37,0.0,0.0,3.95
196,zlitan,75,LY,broken clouds,58,32.4674,14.5687,289.64,0.0,0.0,3.19
197,locri,89,IT,overcast clouds,79,38.2414,16.2623,288.24,0.0,0.0,3.45
198,savelugu,38,GH,scattered clouds,10,9.6244,-0.8253,305.46,0.0,0.0,2.26
199,krasnofarfornyy,100,RU,light snow,94,59.1364,31.8502,267.49,0.0,0.21,4.87
200,muli,20,MV,few clouds,70,2.9167,73.5667,300.91,0.0,0.0,4.58
201,plettenberg bay,2,ZA,clear sky,81,-34.0527,23.3716,294.36,0.0,0.0,7.37
202,lashio,6,MM,clear sky,77,22.9333,97.75,284.56,0.0,0.0,0.24
203,chapais,25,CA,scattered clouds,72,49.7834,-74.8492,253.03,0.0,0.0,4.34
204,bandar,100,ID,overcast clouds,96,2.05,99.75,296.02,0.0,0.0,1.17
205,sola,100,VU,overcast clouds,76,-13.8833,167.55,301.12,0.0,0.0,8.7
206,manzil salim,100,TN,overcast clouds,65,35.8567,8.4765,290.15,0.0,0.0,3.0
207,awjilah,0,LY,clear sky,46,29.1081,21.2869,287.77,0.0,0.0,1.48
208,pevek,22,RU,few clouds,99,69.7008,170.3133,239.83,0.0,0.0,1.42
209,codajas,89,BR,overcast clouds,62,-3.8367,-62.0569,303.99,0.0,0.0,1.76
210,cabo san lucas,0,MX,clear sky,63,22.8909,-109.9124,294.05,0.0,0.0,1.03
211,yar-sale,75,RU,broken clouds,100,66.8333,70.8333,249.71,0.0,0.0,1.28
212,vila velha,40,BR,scattered clouds,74,-20.3297,-40.2925,302.12,0.0,0.0,5.81
213,kalabo,91,ZM,light rain,90,-14.97,22.6814,293.66,0.32,0.0,2.39
214,caravelas,42,BR,scattered clouds,70,-17.7125,-39.2481,300.68,0.0,0.0,4.48
215,iquique,2,CL,clear sky,69,-20.2208,-70.1431,296.17,0.0,0.0,3.08
216,sitka,100,US,moderate rain,81,57.0531,-135.33,279.09,1.52,0.0,5.66
217,unirea,60,RO,broken clouds,75,44.15,23.1833,282.76,0.0,0.0,7.63
218,kavaratti,40,IN,scattered clouds,61,10.5669,72.642,299.17,0.0,0.0,4.71
219,mecca,3,SA,clear sky,41,21.4267,39.8261,290.7,0.0,0.0,5.01
220,opuwo,85,NA,overcast clouds,37,-18.0607,13.84,297.18,0.0,0.0,4.38
221,santa isabel do rio negro,100,BR,overcast clouds,73,-0.4139,-65.0192,300.18,0.0,0.0,0.58
222,sale,99,MA,overcast clouds,82,34.0389,-6.8166,290.16,0.0,0.0,4.63
223,esperance,2,AU,clear sky,70,-33.8667,121.9,292.06,0.0,0.0,8.01
224,mahebourg,75,MU,light intensity shower rain,89,-20.4081,57.7,299.96,0.0,0.0,6.69
225,druten,95,NL,overcast clouds,76,51.8833,5.6,281.98,0.0,0.0,6.71
226,vila,18,PT,few clouds,88,42.0304,-8.1588,282.78,0.0,0.0,2.27
227,rincon,20,US,few clouds,54,32.296,-81.2354,285.29,0.0,0.0,0.45
228,pontal do parana,92,BR,overcast clouds,70,-25.6533,-48.5128,308.09,0.0,0.0,2.73
229,souillac,75,MU,light intensity shower rain,89,-20.5167,57.5167,300.02,0.23,0.0,6.69
230,kibala,0,TD,clear sky,16,9.1104,18.3463,304.12,0.0,0.0,3.09
231,vardo,100,NO,overcast clouds,78,70.3705,31.1107,270.23,0.0,0.0,12.33
232,bud,20,US,few clouds,71,39.447,-86.1758,266.99,0.0,0.0,0.93
233,caucaia,40,BR,scattered clouds,68,-3.7361,-38.6531,303.12,0.0,0.0,7.72
234,samana,40,DO,scattered clouds,83,19.2056,-69.3369,299.27,0.0,0.0,4.12
235,zeya,94,RU,overcast clouds,87,53.75,127.2667,253.2,0.0,0.0,1.93
236,jimo,0,CN,clear sky,58,36.3897,120.4622,267.03,0.0,0.0,2.0
237,maltahohe,74,NA,broken clouds,24,-24.8333,16.9833,302.89,0.0,0.0,5.43
238,tomatlan,51,MX,broken clouds,33,19.9333,-105.25,302.48,0.0,0.0,2.75
239,camacha,20,PT,few clouds,77,33.0833,-16.3333,291.78,0.0,0.0,9.26
240,tura,32,IN,scattered clouds,89,25.5198,90.2201,283.68,0.0,0.0,0.77
241,namatanai,82,PG,broken clouds,81,-3.6667,152.4333,299.67,0.0,0.0,3.43
242,sain alto,21,MX,few clouds,40,23.5833,-103.25,286.38,0.0,0.0,2.33
243,mount gambier,100,AU,overcast clouds,77,-37.8333,140.7667,289.1,0.0,0.0,3.09
244,dikson,97,RU,overcast clouds,100,73.5069,80.5464,244.74,0.0,0.0,1.49
245,tarko-sale,56,RU,broken clouds,100,64.9225,77.785,247.45,0.0,0.0,2.1
246,arraial do cabo,0,BR,thunderstorm,66,-22.9661,-42.0278,305.13,0.0,0.0,9.77
247,saint george,0,US,clear sky,38,37.1041,-113.5841,282.79,0.0,0.0,0.45
248,shalakusha,82,RU,broken clouds,94,62.2247,40.2539,258.17,0.0,0.0,3.72
249,estelle,0,US,clear sky,54,29.8458,-90.1067,280.4,0.0,0.0,5.14
250,ossora,100,RU,overcast clouds,89,59.2353,163.0719,263.06,0.0,0.0,6.01
251,orlik,100,RU,overcast clouds,90,52.5178,99.825,254.61,0.0,0.0,1.66
252,visby,40,SE,scattered clouds,87,57.6409,18.296,276.51,0.0,0.0,7.2
253,huejuquilla el alto,55,MX,broken clouds,34,22.6,-103.8667,290.8,0.0,0.0,1.46
254,mokhotlong,85,LS,light rain,93,-29.2894,29.0675,286.16,0.77,0.0,2.48
255,pryazha,100,RU,light snow,92,61.6926,33.6216,265.72,0.0,0.11,4.84
256,kavieng,78,PG,light rain,78,-2.5744,150.7967,300.33,0.17,0.0,2.22
257,labuhan,100,ID,overcast clouds,87,-6.8844,112.2051,298.89,0.0,0.0,3.2
258,dunedin,38,NZ,scattered clouds,80,-45.8742,170.5036,283.6,0.0,0.0,2.72
259,nhulunbuy,100,AU,overcast clouds,88,-12.2333,136.7667,298.49,0.0,0.0,2.06
260,nisia floresta,42,BR,scattered clouds,51,-6.0911,-35.2086,304.6,0.0,0.0,5.23
261,rocha,73,UY,broken clouds,66,-34.4833,-54.3333,297.91,0.0,0.0,5.91
262,turinsk,100,RU,overcast clouds,94,58.0458,63.696,265.82,0.0,0.0,2.02
263,pacifica,75,US,haze,73,37.6138,-122.4869,287.63,0.0,0.0,2.24
264,colonelganj,0,IN,clear sky,79,27.1333,81.7,284.34,0.0,0.0,2.48
265,khasan,10,RU,clear sky,57,42.4308,130.6434,261.86,0.0,0.0,8.68
266,nileshwar,81,IN,broken clouds,78,12.25,75.1,295.59,0.0,0.0,4.31
267,limoeiro do ajuru,100,BR,moderate rain,72,-1.8953,-49.3806,301.55,1.18,0.0,2.05
268,san juan,94,AR,overcast clouds,48,-31.5375,-68.5364,294.41,0.0,0.0,8.59
269,moscow,80,RU,broken clouds,100,55.7522,37.6156,264.39,0.0,0.0,1.73
270,suhbaatar,95,MN,overcast clouds,94,50.2314,106.2078,255.31,0.0,0.0,2.06
271,rongcheng,66,CN,broken clouds,68,30.634,117.8517,274.43,0.0,0.0,2.74
272,yanam,53,IN,broken clouds,83,16.7333,82.2167,294.42,0.0,0.0,1.62
273,fort nelson,75,CA,broken clouds,71,58.8053,-122.7002,252.92,0.0,0.0,2.06
274,ust-kuyga,100,RU,overcast clouds,100,70.0167,135.6,231.01,0.0,0.0,1.21
275,tuktoyaktuk,20,CA,few clouds,68,69.4541,-133.0374,237.15,0.0,0.0,4.12
276,narsaq,0,GL,clear sky,72,60.9167,-46.05,259.27,0.0,0.0,2.6
277,lasa,12,IT,few clouds,75,46.6166,10.7002,277.94,0.0,0.0,2.18
278,gamboma,77,CG,broken clouds,46,-1.8764,15.8644,301.88,0.0,0.0,1.36
279,kuusamo,100,FI,overcast clouds,86,65.9667,29.1833,265.17,0.0,0.0,5.66
280,labuan,20,MY,light rain,78,5.2767,115.2417,300.35,0.11,0.0,0.89
281,hithadhoo,100,MV,overcast clouds,73,-0.6,73.0833,301.26,0.0,0.0,6.22
282,port hedland,74,AU,broken clouds,74,-20.3167,118.5667,303.18,0.0,0.0,3.6
283,barraute,49,CA,scattered clouds,72,48.4335,-77.6328,257.69,0.0,0.0,3.21
284,turayf,40,SA,scattered clouds,81,31.6725,38.6637,281.29,0.0,0.0,5.14
285,kahului,20,US,few clouds,77,20.8947,-156.47,298.06,0.0,0.0,0.0
286,maniitsoq,100,GL,snow,91,65.4167,-52.9,258.07,0.0,0.52,6.98
287,plastun,24,RU,few clouds,74,44.7561,136.2939,256.18,0.0,0.0,4.62
288,el prat de llobregat,40,ES,scattered clouds,83,41.3278,2.0947,287.51,0.0,0.0,3.09
289,ukiah,100,US,overcast clouds,69,39.1502,-123.2078,289.24,0.0,0.0,0.39
290,portsmouth,100,GB,overcast clouds,89,50.799,-1.0913,283.43,0.0,0.0,6.26
291,matay,0,EG,clear sky,49,28.419,30.7792,286.34,0.0,0.0,3.51
292,coquimbo,0,CL,clear sky,73,-29.9533,-71.3436,294.0,0.0,0.0,6.69
293,provideniya,3,RU,clear sky,85,64.3833,-173.3,252.14,0.0,0.0,5.2
294,ulverstone,95,AU,overcast clouds,82,-41.15,146.1667,288.82,0.0,0.0,3.51
295,altamont,0,US,clear sky,79,42.2068,-121.7372,274.14,0.0,0.0,0.0
296,saldanha,8,ZA,clear sky,71,-33.0117,17.9442,304.18,0.0,0.0,3.59
297,aksum,44,ET,scattered clouds,59,14.1245,38.7244,288.81,0.0,0.0,2.92
298,kano,100,NG,dust,31,12.0001,8.5167,296.09,0.0,0.0,3.6
299,kuytun,100,RU,light snow,94,54.3419,101.5036,266.11,0.0,0.26,3.3
300,havoysund,74,NO,broken clouds,69,70.9963,24.6622,271.64,0.0,0.0,14.65
301,igrim,99,RU,overcast clouds,99,63.1906,64.4162,252.55,0.0,0.0,1.76
302,remedios,1,CU,clear sky,56,22.4947,-79.5458,300.66,0.0,0.0,5.36
303,kendari,82,ID,broken clouds,93,-3.945,122.4989,297.7,0.0,0.0,1.91
304,nantucket,96,US,overcast clouds,77,41.2835,-70.0995,269.87,0.0,0.0,11.34
305,hirara,100,JP,overcast clouds,70,24.8,125.2833,289.21,0.0,0.0,8.81
306,omsukchan,4,RU,clear sky,77,62.5333,155.8,243.07,0.0,0.0,1.76
307,san quintin,0,MX,clear sky,23,30.4833,-115.95,289.82,0.0,0.0,1.51
308,galveston,0,US,clear sky,60,29.3669,-94.9669,281.05,0.0,0.0,1.79
309,fortuna,0,US,clear sky,93,40.5982,-124.1573,279.66,0.0,0.0,2.57
310,salalah,75,OM,broken clouds,69,17.0151,54.0924,298.2,0.0,0.0,1.03
311,coihaique,75,CL,broken clouds,43,-45.5752,-72.0662,294.49,0.0,0.0,3.6
312,ayr,75,GB,broken clouds,87,55.4627,-4.6339,280.14,0.0,0.0,7.72
313,acapulco,0,MX,clear sky,65,16.8634,-99.8901,301.05,0.0,0.0,3.09
314,uyovu,99,TZ,overcast clouds,95,-3.2833,31.5258,290.6,0.0,0.0,1.48
315,kosovska mitrovica,96,XK,overcast clouds,97,42.8833,20.8667,276.05,0.0,0.0,2.18
316,riverton,0,US,clear sky,53,40.5219,-111.9391,278.31,0.0,0.0,2.68
317,talakan,96,RU,overcast clouds,100,50.3167,130.3667,245.66,0.0,0.0,0.21
318,marand,93,IR,overcast clouds,92,38.4329,45.7749,271.34,0.0,0.0,1.75
319,tocopilla,9,CL,clear sky,66,-22.092,-70.1979,296.22,0.0,0.0,4.15
320,villa guerrero,5,MX,clear sky,42,18.8667,-99.65,293.98,0.0,0.0,2.69
321,artyom,98,AZ,overcast clouds,78,40.4723,50.333,277.23,0.0,0.0,11.59
322,bourail,31,NC,scattered clouds,92,-21.5667,165.4833,297.83,0.0,0.0,1.94
323,longyearbyen,20,SJ,few clouds,61,78.2186,15.6401,261.06,0.0,0.0,10.8
324,kawalu,99,ID,overcast clouds,94,-7.3817,108.2082,296.47,0.0,0.0,0.8
325,sobolevo,100,RU,light snow,96,54.4299,31.8996,268.69,0.0,0.49,5.08
326,tshikapa,23,CD,few clouds,80,-6.4167,20.8,297.09,0.0,0.0,0.62
327,kenai,100,US,mist,95,60.5544,-151.2583,270.42,0.0,0.0,5.14
328,stavern,100,NO,overcast clouds,90,59.0,10.0333,278.88,0.0,0.0,13.59
329,san patricio,1,US,clear sky,34,28.017,-97.5169,281.2,0.0,0.0,2.37
330,toora-khem,96,RU,overcast clouds,99,52.4675,96.11,249.98,0.0,0.0,0.52
331,bac lieu,94,VN,overcast clouds,66,9.285,105.7244,299.48,0.0,0.0,8.37
332,adre,5,TD,clear sky,17,13.4667,22.2,293.2,0.0,0.0,5.64
333,turukhansk,93,RU,overcast clouds,100,65.8167,87.9833,249.93,0.0,0.0,1.78
334,kaitangata,34,NZ,scattered clouds,93,-46.2817,169.8464,279.86,0.0,0.0,2.71
335,pervoye maya,100,RU,overcast clouds,99,56.164,44.7196,263.99,0.0,0.0,1.11
336,santo antonio da platina,95,BR,overcast clouds,89,-23.295,-50.0772,298.3,0.0,0.0,3.12
337,carlsbad,0,US,clear sky,26,33.1581,-117.3506,293.9,0.0,0.0,1.79
338,santa ana,0,US,clear sky,23,33.7456,-117.8678,293.71,0.0,0.0,0.45
339,matagami,0,CA,clear sky,50,49.7502,-77.6328,255.21,0.0,0.0,3.09
340,jiayuguan,100,CN,overcast clouds,42,39.8167,98.3,263.32,0.0,0.0,3.51
341,doha,0,QA,clear sky,55,25.2867,51.5333,292.14,0.0,0.0,7.2
342,otane,100,NZ,light rain,99,-39.8833,176.6333,289.27,0.37,0.0,0.53
343,ewa beach,0,US,clear sky,83,21.3156,-158.0072,293.71,0.0,0.0,2.68
344,dingle,47,PH,scattered clouds,83,10.9995,122.6711,296.7,0.0,0.0,4.87
345,ilulissat,75,GL,broken clouds,51,69.2167,-51.1,259.16,0.0,0.0,7.2
346,gigmoto,96,PH,light rain,84,13.7796,124.39,297.76,0.18,0.0,6.46
347,kysyl-syr,96,RU,overcast clouds,100,63.8986,122.7617,240.19,0.0,0.0,0.55
348,vredendal,0,ZA,clear sky,38,-31.6683,18.5012,300.02,0.0,0.0,4.35
349,ilhabela,100,BR,overcast clouds,73,-23.7781,-45.3581,301.9,0.0,0.0,0.31
350,muros,9,ES,clear sky,65,42.7762,-9.0603,286.31,0.0,0.0,6.59
351,vigeland,98,NO,light rain,88,58.0844,7.305,279.85,0.18,0.0,11.04
352,inta,39,RU,scattered clouds,97,66.0317,60.1659,248.33,0.0,0.0,1.78
353,yaan,1,NG,clear sky,12,7.3833,8.5667,304.19,0.0,0.0,2.53
354,nouadhibou,0,MR,clear sky,68,20.931,-17.0347,295.14,0.0,0.0,7.2
355,hervey bay,84,AU,broken clouds,58,-25.2986,152.8535,293.21,0.0,0.0,9.36
356,alyangula,40,AU,scattered clouds,100,-13.8483,136.4192,299.08,0.0,0.0,0.0
357,haines junction,100,CA,overcast clouds,85,60.7522,-137.5108,258.12,0.0,0.0,2.06
358,progreso,77,MX,broken clouds,71,21.2833,-89.6667,296.21,0.0,0.0,7.76
359,nicoya,10,CR,clear sky,31,10.1483,-85.452,302.9,0.0,0.0,7.12
360,muscat,13,OM,few clouds,55,23.6139,58.5922,296.16,0.0,0.0,1.14
361,san fernando,88,PH,overcast clouds,71,15.0286,120.6898,299.2,0.0,0.0,5.18
362,beloha,100,MG,overcast clouds,84,-25.1667,45.05,297.56,0.0,0.0,8.5
363,parakan,100,ID,overcast clouds,97,-6.4191,106.0081,296.9,0.0,0.0,1.72
364,itoman,100,JP,overcast clouds,58,26.1247,127.6694,288.16,0.0,0.0,7.72
365,tautira,30,PF,scattered clouds,74,-17.7333,-149.15,301.16,0.0,0.0,7.78
366,daguit,50,PH,light rain,89,14.1895,122.7266,295.92,0.13,0.0,3.88
367,abu dhabi,0,AE,clear sky,73,24.4667,54.3667,295.21,0.0,0.0,1.79
368,khatanga,88,RU,overcast clouds,99,71.9667,102.5,237.4,0.0,0.0,0.96
369,pingzhuang,0,CN,clear sky,62,42.0372,119.2889,261.34,0.0,0.0,2.32
370,lahuachaca,95,BO,overcast clouds,32,-17.3667,-67.6667,289.09,0.0,0.0,2.28
371,kieta,96,PG,overcast clouds,84,-6.2167,155.6333,299.94,0.0,0.0,3.3
372,jagodina,97,RS,overcast clouds,88,43.9814,21.2622,276.74,0.0,0.0,1.02
373,aykhal,78,RU,broken clouds,100,66.0,111.5,241.0,0.0,0.0,2.31
374,broken hill,5,AU,clear sky,40,-31.95,141.4333,293.99,0.0,0.0,5.66
375,north bend,11,US,few clouds,100,43.4065,-124.2243,281.57,0.0,0.0,3.82
376,konya,13,TR,few clouds,83,38.1667,32.5,267.86,0.0,0.0,1.53
377,olafsvik,100,IS,overcast clouds,63,64.8945,-23.7142,271.86,0.0,0.0,7.65
378,eucaliptus,94,BO,overcast clouds,29,-17.5833,-67.5167,286.98,0.0,0.0,3.32
379,riyadh,0,SA,clear sky,27,24.6877,46.7219,288.23,0.0,0.0,5.32
380,lukulu,98,ZM,light rain,93,-14.3707,23.242,292.95,0.13,0.0,2.07
381,shizunai,66,JP,broken clouds,83,42.3339,142.3669,267.69,0.0,0.0,3.82
382,paranavai,93,BR,heavy intensity rain,82,-23.0731,-52.4653,296.82,6.48,0.0,4.73
383,atikokan,100,CA,snow,94,48.7555,-91.6216,260.18,0.0,0.59,4.54
384,port-cartier,100,CA,overcast clouds,65,50.0334,-66.8654,260.23,0.0,0.0,3.33
385,hami,95,CN,overcast clouds,27,42.8,93.45,270.38,0.0,0.0,6.42
386,hlotse,73,LS,light rain,82,-28.8718,28.045,288.98,0.28,0.0,0.69
387,vila franca do campo,99,PT,overcast clouds,78,37.7167,-25.4333,290.38,0.0,0.0,5.57
388,moissala,98,TD,overcast clouds,16,8.3404,17.7663,300.19,0.0,0.0,2.09
389,bethel,75,US,broken clouds,70,41.3712,-73.414,270.64,0.0,0.0,0.89
390,eenhana,99,NA,heavy intensity rain,94,-17.4667,16.3333,298.01,4.53,0.0,2.57
391,katobu,95,ID,overcast clouds,91,-4.9408,122.5276,297.37,0.0,0.0,0.66
392,kloulklubed,60,PW,broken clouds,80,7.0419,134.2556,300.64,0.0,0.0,9.72
393,edgewater,75,US,broken clouds,88,28.9889,-80.9023,289.36,0.0,0.0,7.72
394,shitkino,100,RU,overcast clouds,81,56.3703,98.3543,268.29,0.0,0.0,5.45
395,mount pleasant,0,US,clear sky,46,32.7941,-79.8626,285.92,0.0,0.0,2.68
396,kharp,32,RU,scattered clouds,97,66.8014,65.8081,251.51,0.0,0.0,2.17
397,torbay,100,CA,light rain,94,47.6666,-52.7314,283.01,0.64,0.0,10.8
398,el cobre,20,CU,few clouds,42,20.0489,-75.9469,300.84,0.0,0.0,3.09
399,elk point,67,US,broken clouds,36,42.6833,-96.6836,276.73,0.0,0.0,6.58
400,virginia beach,61,US,broken clouds,53,36.8529,-75.978,278.74,0.0,0.0,1.34
401,mokhsogollokh,91,RU,overcast clouds,100,61.4681,128.9203,241.5,0.0,0.0,0.32
402,nemuro,93,JP,overcast clouds,73,43.3236,145.575,268.12,0.0,0.0,9.15
403,kintinku,92,TZ,overcast clouds,81,-5.8833,35.2333,294.06,0.0,0.0,1.46
404,namibe,28,AO,scattered clouds,68,-15.1961,12.1522,296.89,0.0,0.0,5.51
405,banda aceh,86,ID,moderate rain,78,5.5577,95.3222,299.51,3.16,0.0,1.83
406,gratkorn,0,AT,clear sky,70,47.1497,15.3655,278.29,0.0,0.0,1.03
407,ribeira grande,75,PT,broken clouds,67,38.5167,-28.7,290.37,0.0,0.0,4.63
408,siocon,93,PH,overcast clouds,88,7.7061,122.1353,298.08,0.0,0.0,4.44
409,san cristobal,73,VE,broken clouds,57,7.7669,-72.225,295.25,0.0,0.0,0.21
410,afsin,6,TR,clear sky,78,38.2477,36.914,262.25,0.0,0.0,1.79
411,verkhnetulomskiy,100,RU,overcast clouds,82,68.6073,31.7962,266.22,0.0,0.0,5.22
412,meulaboh,100,ID,overcast clouds,88,4.1363,96.1285,297.58,0.0,0.0,3.44
413,nizwa,3,OM,clear sky,26,22.9333,57.5333,294.94,0.0,0.0,0.57
414,taltal,13,CL,few clouds,67,-25.4,-70.4833,294.87,0.0,0.0,2.58
415,karpathos,40,GR,scattered clouds,72,35.507,27.2132,288.13,0.0,0.0,6.69
416,quatre cocos,100,MU,light rain,85,-20.2078,57.7625,299.87,0.91,0.0,8.38
417,keti bandar,0,PK,clear sky,63,24.1447,67.4497,294.81,0.0,0.0,4.13
418,melton,65,AU,broken clouds,85,-37.6833,144.5833,289.77,0.0,0.0,1.67
419,college,75,US,broken clouds,77,64.8569,-147.8028,256.12,0.0,0.0,1.54
420,heishan,2,CN,clear sky,58,41.6892,122.1128,264.02,0.0,0.0,2.54
421,lagoa,53,PT,broken clouds,79,39.05,-27.9833,287.9,0.0,0.0,7.66
422,santa maria,75,BR,broken clouds,88,-29.6842,-53.8069,295.76,0.0,0.0,4.12
423,passagem franca,79,BR,broken clouds,79,-6.1797,-43.7836,300.98,0.0,0.0,0.81
424,kyzyl-suu,1,KG,clear sky,59,42.3414,78.0056,261.88,0.0,0.0,6.55
425,cockburn town,40,TC,scattered clouds,57,21.4612,-71.1419,299.13,0.0,0.0,8.23
426,potsdam,88,DE,overcast clouds,73,52.3989,13.0657,279.87,0.0,0.0,1.79
427,port lincoln,100,AU,overcast clouds,81,-34.7333,135.8667,291.96,0.0,0.0,6.71
428,neuquen,40,AR,scattered clouds,40,-38.9516,-68.0591,295.09,0.0,0.0,0.0
429,grindavik,75,IS,broken clouds,80,63.8424,-22.4338,271.41,0.0,0.0,3.6
430,mweka,87,CD,overcast clouds,76,-4.85,21.5667,296.73,0.0,0.0,0.59
431,portland,75,US,broken clouds,93,45.5234,-122.6762,281.47,0.0,0.0,0.45
432,epe,3,NG,clear sky,66,6.5841,3.9834,300.21,0.0,0.0,3.31
433,kapit,87,MY,overcast clouds,100,2.0167,112.9333,296.08,0.0,0.0,0.55
434,santa rosa,99,PH,overcast clouds,70,14.3122,121.1114,299.14,0.0,0.0,6.33
435,newcastle,88,AU,overcast clouds,71,-32.9272,151.7765,294.66,0.0,0.0,4.02
436,opunake,100,NZ,light rain,98,-39.4556,173.8583,294.73,0.74,0.0,7.85
437,bakchar,100,RU,overcast clouds,87,57.0186,82.0711,264.13,0.0,0.0,2.9
438,milkovo,100,RU,overcast clouds,97,54.7167,158.6167,262.35,0.0,0.0,1.57
439,birao,99,CF,overcast clouds,15,10.2849,22.7882,297.64,0.0,0.0,3.19
440,parana,1,AR,clear sky,31,-31.732,-60.5238,302.6,0.0,0.0,8.37
441,kirakira,95,SB,overcast clouds,86,-10.4544,161.9205,300.29,0.0,0.0,2.33
442,sfantu gheorghe,96,RO,overcast clouds,56,45.8667,25.7833,276.24,0.0,0.0,2.69
443,anadyr,0,RU,clear sky,71,64.75,177.4833,254.43,0.0,0.0,5.0
444,inuvik,20,CA,few clouds,68,68.3499,-133.7218,237.71,0.0,0.0,1.03
445,anisoc,79,GQ,broken clouds,76,1.8658,10.7689,298.12,0.0,0.0,2.36
446,padang,100,ID,moderate rain,94,-0.9492,100.3543,296.8,1.89,0.0,0.64
447,severo-kurilsk,100,RU,light snow,84,50.6789,156.125,271.12,0.0,0.29,5.02
448,emba,100,KZ,overcast clouds,92,48.8264,58.1442,267.97,0.0,0.0,3.24
449,sayat,100,TM,overcast clouds,33,38.7839,63.8803,287.08,0.0,0.0,8.35
450,yuzhne,78,UA,broken clouds,76,46.6221,31.1013,275.27,0.0,0.0,3.65
451,jardim,68,BR,moderate rain,48,-21.4803,-56.1381,305.56,2.73,0.0,2.18
452,amberley,40,US,snow,72,39.2048,-84.428,268.87,0.0,0.76,0.45
453,nador,0,MA,clear sky,77,35.174,-2.9287,291.19,0.0,0.0,3.09
454,batemans bay,90,AU,overcast clouds,82,-35.7167,150.1833,290.98,0.0,0.0,3.61
455,hohhot,0,CN,clear sky,60,40.8106,111.6522,256.31,0.0,0.0,3.0
456,jutai,100,BR,overcast clouds,78,-5.1833,-68.9,298.56,0.0,0.0,3.08
457,nam som,54,TH,broken clouds,59,17.7704,102.1895,296.53,0.0,0.0,2.37
458,guarne,75,CO,broken clouds,67,6.2805,-75.4435,292.66,0.0,0.0,1.54
459,coahuayana,14,MX,few clouds,36,18.7333,-103.6833,302.86,0.0,0.0,1.98
460,chapaevsk,100,RU,light snow,99,52.9813,49.7112,269.71,0.0,0.22,0.85
461,sao joao da barra,85,BR,overcast clouds,80,-21.6403,-41.0511,304.2,0.0,0.0,10.8
462,namtsy,99,RU,overcast clouds,100,62.7161,129.6658,240.21,0.0,0.0,0.55
463,upata,63,VE,broken clouds,33,8.0086,-62.3989,306.33,0.0,0.0,1.36
464,noboribetsu,57,JP,broken clouds,82,42.4514,141.1731,259.24,0.0,0.0,4.32
465,killam,94,CA,snow,98,52.7834,-111.8518,272.93,0.0,0.57,7.11
466,littleton,75,US,broken clouds,36,39.6133,-105.0166,283.79,0.0,0.0,0.89
467,srednekolymsk,47,RU,scattered clouds,100,67.45,153.6833,233.25,0.0,0.0,1.84
468,hoquiam,0,US,clear sky,93,46.9809,-123.8893,281.22,0.0,0.0,0.0
469,madison,0,US,clear sky,54,34.7334,-86.5667,275.98,0.0,0.0,0.89
470,port macquarie,95,AU,overcast clouds,72,-31.4333,152.9167,290.13,0.0,0.0,5.77
471,shingu,20,JP,few clouds,73,33.7333,135.9833,276.99,0.0,0.0,4.2
472,qianjiang,91,CN,overcast clouds,69,30.4151,112.8859,277.14,0.0,0.0,4.21
473,loudi,100,CN,overcast clouds,78,27.7344,111.9944,279.46,0.0,0.0,1.28
474,castanos,0,MX,clear sky,40,26.7833,-101.4167,279.45,0.0,0.0,1.22
475,harper,78,LR,broken clouds,73,4.375,-7.7169,300.83,0.0,0.0,4.19
476,inongo,80,CD,broken clouds,61,-1.95,18.2667,300.29,0.0,0.0,1.68
477,qinhuangdao,0,CN,clear sky,59,39.9317,119.5883,266.75,0.0,0.0,3.51
478,cortez,0,US,clear sky,46,37.3489,-108.5859,275.05,0.0,0.0,0.0
479,tilichiki,100,RU,overcast clouds,82,60.4667,166.1,256.5,0.0,0.0,3.55
480,goundi,56,TD,broken clouds,14,9.3627,17.366,300.96,0.0,0.0,1.68
481,bukachacha,83,RU,broken clouds,96,52.9833,116.9167,249.25,0.0,0.0,1.83
482,akdepe,100,TM,overcast clouds,84,42.0551,59.3788,280.2,0.0,0.0,5.14
483,malanje,77,AO,light rain,94,-9.5402,16.341,291.52,0.28,0.0,2.34
484,yatou,60,CN,broken clouds,56,37.15,122.3833,270.66,0.0,0.0,5.11
485,marsaxlokk,0,MT,clear sky,88,35.8419,14.5431,287.64,0.0,0.0,4.63
486,ulvik,100,NO,snow,97,60.5672,6.9187,276.6,0.0,1.06,2.28
487,yashan,91,CN,overcast clouds,79,22.1975,109.9419,286.81,0.0,0.0,0.53
488,sorong,100,ID,overcast clouds,82,-0.8833,131.25,300.34,0.0,0.0,6.44
489,omboue,57,GA,broken clouds,80,-1.5746,9.2618,298.63,0.0,0.0,2.75
490,vostok,100,RU,overcast clouds,99,46.4856,135.8833,250.06,0.0,0.0,1.36
491,roros,75,NO,broken clouds,63,62.5747,11.3842,268.06,0.0,0.0,2.57
492,lano,11,NG,few clouds,14,10.1725,11.4715,299.66,0.0,0.0,3.36
493,bundi,0,IN,clear sky,41,25.4417,75.6417,287.53,0.0,0.0,1.46
494,burns lake,100,CA,overcast clouds,92,54.2331,-125.7533,267.83,0.0,0.0,2.08
495,inverness,40,GB,scattered clouds,80,57.4791,-4.224,276.6,0.0,0.0,2.24
496,jatiroto,93,ID,overcast clouds,90,-7.8833,111.1167,296.57,0.0,0.0,0.52
497,katsuura,44,JP,scattered clouds,41,35.1333,140.3,274.21,0.0,0.0,2.13
498,lembeni,100,TZ,light rain,70,-3.7833,37.6167,295.5,0.22,0.0,0.99
499,buraydah,0,SA,clear sky,31,26.326,43.975,286.4,0.0,0.0,4.08
500,saint-pierre,0,RE,clear sky,65,-21.3393,55.4781,301.97,0.0,0.0,3.6
501,boma,25,GH,scattered clouds,25,7.0805,-2.1697,305.41,0.0,0.0,1.19
502,homer,100,US,overcast clouds,82,59.6425,-151.5483,277.09,0.0,0.0,0.0
503,lucea,5,JM,clear sky,56,18.451,-78.1736,301.4,0.0,0.0,7.12
504,timberlake,0,US,clear sky,40,37.3207,-79.2575,275.31,0.0,0.0,1.79
505,egvekinot,9,RU,clear sky,86,66.3167,-179.1667,249.46,0.0,0.0,5.97
506,yei,97,SS,overcast clouds,21,4.095,30.6779,298.63,0.0,0.0,2.11
507,leh,31,IN,scattered clouds,74,34.1667,77.5833,250.47,0.0,0.0,1.8
508,voyskovitsy,100,RU,light snow,94,59.5287,29.964,270.38,0.0,0.21,4.66
509,marabba,81,SD,broken clouds,13,12.35,32.1833,295.75,0.0,0.0,6.76
510,fare,8,PF,clear sky,74,-16.7,-151.0167,300.26,0.0,0.0,8.48
511,mosquera,75,CO,broken clouds,67,4.7059,-74.2302,290.2,0.0,0.0,5.14
512,youghal,100,IE,overcast clouds,92,51.95,-7.8506,283.53,0.0,0.0,12.82
513,kalmanka,57,RU,broken clouds,100,52.8992,83.5433,264.76,0.0,0.0,1.19
514,virden,5,US,clear sky,72,39.5009,-89.7679,265.03,0.0,0.0,3.19
515,ostrovnoy,100,RU,overcast clouds,83,68.0531,39.5131,264.36,0.0,0.0,14.31
516,khani,91,GE,light snow,89,41.9563,42.9566,268.91,0.0,0.19,1.81
517,trairi,46,BR,scattered clouds,64,-3.2778,-39.2689,302.44,0.0,0.0,5.3
518,bonavista,100,CA,snow,98,48.6499,-53.1147,274.88,0.0,1.62,2.45
519,haftoni,99,AZ,overcast clouds,55,38.7632,48.7622,278.59,0.0,0.0,2.74
520,camana,79,PE,broken clouds,70,-16.6228,-72.7111,296.96,0.0,0.0,4.5
521,ingham,0,US,clear sky,75,42.6,-84.3833,267.98,0.0,0.0,1.54
522,hualmay,27,PE,scattered clouds,69,-11.0964,-77.6139,297.42,0.0,0.0,5.05
523,luderitz,13,NA,few clouds,73,-26.6481,15.1594,293.69,0.0,0.0,1.87
524,gubkinskiy,59,RU,broken clouds,100,64.434,76.5026,248.09,0.0,0.0,2.52
525,vestmannaeyjar,0,IS,clear sky,40,63.4427,-20.2734,272.7,0.0,0.0,3.09
526,whitehorse,75,CA,broken clouds,84,60.7161,-135.0538,261.93,0.0,0.0,3.58
527,praia,0,CV,clear sky,32,14.9215,-23.5087,301.45,0.0,0.0,9.26
528,dodoma,98,TZ,overcast clouds,90,-6.1722,35.7395,291.83,0.0,0.0,0.93
529,barranco,28,PA,scattered clouds,51,9.5167,-82.7,301.01,0.0,0.0,3.33
530,joensuu,100,FI,light snow,91,62.6012,29.7632,267.42,0.0,0.25,1.34
531,oistins,20,BB,few clouds,54,13.0667,-59.5333,301.2,0.0,0.0,7.2
532,fulnek,20,CZ,few clouds,74,49.7124,17.9032,276.43,0.0,0.0,6.17
533,magadan,50,RU,scattered clouds,62,59.5667,150.8,255.38,0.0,0.0,5.52
534,boende,78,CD,broken clouds,44,-0.2167,20.8667,301.51,0.0,0.0,1.2
535,byron bay,82,AU,light rain,72,-28.65,153.6167,291.51,0.15,0.0,8.32
536,izumo,100,JP,overcast clouds,59,35.3667,132.7667,275.12,0.0,0.0,9.35
537,maceio,20,BR,few clouds,45,-9.6658,-35.7353,303.84,0.0,0.0,7.2
538,pangai,100,TO,moderate rain,86,-19.8,-174.35,298.81,3.86,0.0,12.12
539,neftcala,57,AZ,broken clouds,69,39.3742,49.2472,278.57,0.0,0.0,6.6
540,ibotirama,66,BR,light rain,38,-12.1853,-43.2206,306.14,0.41,0.0,1.64
541,lac du bonnet,100,CA,overcast clouds,87,50.2536,-96.0612,258.9,0.0,0.0,3.57
542,bosaso,77,SO,broken clouds,66,11.2842,49.1816,296.88,0.0,0.0,1.12
543,sabla,1,NG,clear sky,12,12.7525,4.7077,298.89,0.0,0.0,4.35
544,puerto el triunfo,0,SV,clear sky,42,13.2833,-88.55,307.63,0.0,0.0,2.96
545,nanortalik,19,GL,few clouds,60,60.1432,-45.2371,262.57,0.0,0.0,9.47
546,ugoofaaru,21,MV,few clouds,71,5.6667,73.0,300.46,0.0,0.0,4.61
547,campoverde,56,PE,broken clouds,32,-8.4753,-74.8058,303.98,0.0,0.0,1.69
548,jalu,0,LY,clear sky,45,29.0331,21.5482,287.75,0.0,0.0,1.34
549,fort morgan,0,US,clear sky,60,40.2503,-103.8,275.98,0.0,0.0,6.17
550,luancheng,82,CN,broken clouds,44,37.8792,114.6517,272.24,0.0,0.0,1.77
551,calabozo,4,VE,clear sky,30,8.9242,-67.4293,308.45,0.0,0.0,2.69
552,bahadurgarh,1,IN,clear sky,68,28.6833,76.9167,285.21,0.0,0.0,1.62
553,lexington,100,US,overcast clouds,74,37.9887,-84.4777,268.84,0.0,0.0,0.89
554,fort saint james,84,CA,broken clouds,80,54.4333,-124.25,275.27,0.0,0.0,2.63
555,mount isa,40,AU,scattered clouds,38,-20.7333,139.5,297.02,0.0,0.0,0.51
556,emirdag,15,TR,few clouds,70,39.0197,31.15,269.51,0.0,0.0,1.86
557,topolobampo,40,MX,scattered clouds,68,25.6,-109.05,292.1,0.0,0.0,6.17
558,tecoanapa,2,MX,clear sky,50,16.5167,-98.75,301.15,0.0,0.0,3.8
559,lesosibirsk,100,RU,light snow,93,58.2358,92.4828,266.4,0.0,0.12,4.0
560,bereznik,78,RU,broken clouds,96,62.8551,42.7072,256.78,0.0,0.0,3.01
561,challans,9,FR,clear sky,87,46.8436,-1.8749,282.26,0.0,0.0,3.43
562,bengkulu,100,ID,heavy intensity rain,95,-3.8004,102.2655,296.71,4.04,0.0,3.96
563,sinnamary,96,GF,light rain,83,5.3833,-52.95,299.33,0.13,0.0,4.27
564,moen,40,NO,scattered clouds,59,69.1304,18.6123,273.19,0.0,0.0,4.12
565,talavera,79,PH,broken clouds,83,15.6167,120.9333,294.73,0.0,0.0,1.82
566,bela vista,96,BR,overcast clouds,43,-22.1089,-56.5211,306.45,0.0,0.0,3.03
